[{"name":"Anu","username":"Anu","password":"password","email":"anu@gmail.com"},{"age":"23","DOB":"2020-02-09","phone_no":"999-999-9999"},{"name":"Dhaarani","username":"Dhaarani","password":"password","email":"dhaaranieaswari@gmail.com"},{"name":"Chitra","username":"Chitra","password":"password","email":"chitra@gmail.com"},{"age":"22","DOB":"2020-02-04","phone_no":"999-999-9999"},{"age":"20","DOB":"1999-12-11","phone_no":"987-654-3210"},{"age":"22","DOB":"2020-02-05","phone_no":"999-999-9999"},{"age":"22","DOB":"2020-02-05","phone_no":"999-999-9999"},{"age":"22","DOB":"2020-02-05","phone_no":"999-999-9999"},{"age":"22","DOB":"2020-02-04","phone_no":"999-999-9999"},{"age":"22","DOB":"2020-02-03","phone_no":"999-999-9999"},{"age":"22","DOB":"2020-02-03","phone_no":"999-999-9999"},{"age":"22","DOB":"2020-02-03","phone_no":"999-999-9999"},{"age":"22","DOB":"2020-02-11","phone_no":"807-217-8244"},{"name":"Sowmiya","username":"Sowmiya","password":"Sowmiya@123","email":"sowmiya@gmail.com"},{"age":"20","DOB":"1999-02-05","phone_no":"987-654-6789"},{"name":"dhaarani","username":"dhaarani","password":"dhaarani","email":"dhaarani@gmail.com"},{"name":"dhaaru","username":"dhaaru","password":"Dhaarani","email":"dhaaranieaswari@gmail.com"},{"name":"sura","username":"sura","password":"Sura@1234","email":"sura@gmail.com"},{"name":"venky","username":"Venky","password":"Venky@1234","email":"venky@gmail.com"},{"name":"dhars","username":"dhars","password":"Dhars@123","email":"dhars@gmail.com"},{"name":"dhars","username":"dhars","password":"Dhars@123","email":"dhars@gmail.com"},{"age":"20","DOB":"2021-06-24","phone_no":"999-999-9999"},{"age":"20","DOB":"2021-06-22","phone_no":"909-090-9090"}]